{
  "project_info": {
    "project_number": "185705239242",
    "project_id": "calorias-b58d6",
    "storage_bucket": "calorias-b58d6.firebasestorage.app"
  },
  "client": [
    {
      "client_info": {
        "mobilesdk_app_id": "1:185705239242:android:674c2193dfd90205261a33",
        "android_client_info": {
          "package_name": "com.duda.caloriafit"
        }
      },
      "oauth_client": [],
      "api_key": [
        {
          "current_key": "AIzaSyCUFf7vcKFeVPeImBmNk1TIf8-xoj31QMg"
        }
      ],
      "services": {
        "appinvite_service": {
          "other_platform_oauth_client": []
        }
      }
    }
  ],
  "configuration_version": "1"
}